<?xml version="1.0" encoding="UTF-8"?>
<project-private xmlns="http://www.netbeans.org/ns/project-private/1">
    <editor-bookmarks xmlns="http://www.netbeans.org/ns/editor-bookmarks/1"/>
    <editor-bookmarks xmlns="http://www.netbeans.org/ns/editor-bookmarks/2" lastBookmarkId="0"/>
    <open-files xmlns="http://www.netbeans.org/ns/projectui-open-files/1">
        <file>file:/C:/Users/steve/Desktop/Blackjack%20Projects/Period%20Three/Jack%20Kasbeer/JackKasbeer_P3_Assign8_Game/BlackJack/src/card/Card.java</file>
        <file>file:/C:/Users/steve/Desktop/Blackjack%20Projects/Period%20Three/Jack%20Kasbeer/JackKasbeer_P3_Assign8_Game/BlackJack/src/card/Deck.java</file>
        <file>file:/C:/Users/steve/Desktop/Blackjack%20Projects/Period%20Three/Jack%20Kasbeer/JackKasbeer_P3_Assign8_Game/BlackJack/src/card/Hand.java</file>
        <file>file:/C:/Users/steve/Desktop/Blackjack%20Projects/Period%20Three/Jack%20Kasbeer/JackKasbeer_P3_Assign8_Game/BlackJack/src/card/Shoe.java</file>
        <file>file:/C:/Users/steve/Desktop/Blackjack%20Projects/Period%20Three/Jack%20Kasbeer/JackKasbeer_P3_Assign8_Game/BlackJack/src/card/Player.java</file>
        <file>file:/C:/Users/steve/Desktop/Blackjack%20Projects/Period%20Three/Jack%20Kasbeer/JackKasbeer_P3_Assign8_Game/BlackJack/src/card/Dealer.java</file>
        <file>file:/C:/Users/steve/Desktop/Blackjack%20Projects/Period%20Three/Jack%20Kasbeer/JackKasbeer_P3_Assign8_Game/BlackJack/src/card/GUI.java</file>
    </open-files>
</project-private>
